{"cameraMode":{"drawMode":0,"name":"Shaded","section":"Shading Mode"},"sceneLighting":true,"audioPlay":false,"sceneViewState":{"showFog":false,"showMaterialUpdate":false,"showSkybox":false,"showFlares":false,"showImageEffects":false,"showParticleSystems":false},"in2DMode":false,"pivot":{"x":2.1738815307617189,"y":-1.1227645874023438,"z":2.8037338256835939},"rotation":{"x":-0.19645282626152039,"y":0.24472182989120484,"z":-0.050706472247838977,"w":-0.9481281042098999},"size":51.15351104736328,"orthographic":false}